{"cameraMode":{"drawMode":0,"name":"Shaded","section":"Shading Mode"},"sceneLighting":true,"audioPlay":false,"sceneViewState":{"m_AlwaysRefresh":false,"showFog":true,"showSkybox":true,"showFlares":true,"showImageEffects":true,"showParticleSystems":true,"showVisualEffectGraphs":true,"m_FxEnabled":true},"in2DMode":false,"pivot":{"x":306.83477783203127,"y":106.23743438720703,"z":-0.5649720430374146},"rotation":{"x":0.016482552513480188,"y":-0.044978708028793338,"z":0.0007422144408337772,"w":0.9988520741462708},"size":318.27105712890627,"orthographic":false}