{"cameraMode":{"drawMode":0,"name":"Shaded","section":"Shading Mode"},"sceneLighting":true,"audioPlay":false,"sceneViewState":{"m_AlwaysRefresh":false,"showFog":true,"showSkybox":true,"showFlares":true,"showImageEffects":true,"showParticleSystems":true,"showVisualEffectGraphs":true,"m_FxEnabled":true},"in2DMode":false,"pivot":{"x":-1.2684080600738526,"y":-1.9756934642791749,"z":-3.2639384269714357},"rotation":{"x":-0.32831230759620669,"y":0.03880412131547928,"z":-0.013500433415174485,"w":-0.9436772465705872},"size":6.440056800842285,"orthographic":false}