{"cameraMode":{"drawMode":0,"name":"Shaded","section":"Shading Mode"},"sceneLighting":true,"audioPlay":false,"sceneViewState":{"m_AlwaysRefresh":false,"showFog":true,"showSkybox":true,"showFlares":true,"showImageEffects":true,"showParticleSystems":true,"showVisualEffectGraphs":true,"m_FxEnabled":true},"in2DMode":false,"pivot":{"x":0.09855461120605469,"y":-7.783624649047852,"z":2.3631250858306886},"rotation":{"x":0.13755705952644349,"y":-0.7189157605171204,"z":0.14872775971889497,"w":0.6649190783500671},"size":15.41453742980957,"orthographic":false}