{"cameraMode":{"drawMode":0,"name":"Shaded","section":"Shading Mode"},"sceneLighting":true,"audioPlay":false,"sceneViewState":{"m_AlwaysRefresh":false,"showFog":true,"showSkybox":true,"showFlares":true,"showImageEffects":true,"showParticleSystems":true,"showVisualEffectGraphs":true,"m_FxEnabled":true},"in2DMode":false,"pivot":{"x":0.23862087726593018,"y":-1.7144932746887208,"z":-0.752373218536377},"rotation":{"x":-0.3787439167499542,"y":0.039405710995197299,"z":-0.016143305227160455,"w":-0.9245234131813049},"size":131.17611694335938,"orthographic":false}