{"cameraMode":{"drawMode":0,"name":"Shaded","section":"Shading Mode"},"sceneLighting":false,"audioPlay":false,"sceneViewState":{"m_AlwaysRefresh":false,"showFog":true,"showSkybox":false,"showFlares":true,"showImageEffects":true,"showParticleSystems":true,"showVisualEffectGraphs":true,"m_FxEnabled":true},"in2DMode":false,"pivot":{"x":1.7881393432617188e-7,"y":0.6182349920272827,"z":-0.04200398921966553},"rotation":{"x":-0.3716973662376404,"y":0.04508880525827408,"z":-0.018077757209539415,"w":-0.9270838499069214},"size":0.7871171236038208,"orthographic":false}